,n,mean,var,mean_absolute_error,median_absolute_error,std_absolute_error,max_absolute_error,mean_relative_error,median_relative_error,std_relative_error,max_relative_error
0,256,-4.0,-4.0,1.58984375,0.85546875,2.26953125,16.625,0.07147216796875,0.060882568359375,0.051300048828125,0.267333984375
1,256,-4.0,-2.0,1.181640625,0.8046875,1.33984375,8.75,0.072998046875,0.065673828125,0.050689697265625,0.240478515625
2,256,-4.0,-1.0,1.2021484375,0.8984375,1.0771484375,6.46875,0.07305908203125,0.063232421875,0.053924560546875,0.2705078125
3,256,-4.0,0.0,0.0,0.0,0.0,0.0,0.0,0.0,0.0,0.0
4,256,-4.0,1.0,1.1787109375,0.875,0.98974609375,5.609375,0.07073974609375,0.0631103515625,0.05096435546875,0.258056640625
5,256,-4.0,2.0,1.193359375,0.6640625,1.4775390625,8.71875,0.074951171875,0.0660400390625,0.055908203125,0.27880859375
6,256,-4.0,4.0,1.716796875,0.6875,3.35546875,35.875,0.07098388671875,0.0645751953125,0.052093505859375,0.2890625
7,256,-2.0,-4.0,0.91796875,0.3974609375,1.453125,8.125,0.07244873046875,0.0587158203125,0.05596923828125,0.26806640625
8,256,-2.0,-2.0,0.396484375,0.1708984375,0.58544921875,3.484375,0.068359375,0.060211181640625,0.049163818359375,0.2354736328125
9,256,-2.0,-1.0,0.29296875,0.17578125,0.338623046875,1.9921875,0.073486328125,0.06500244140625,0.05035400390625,0.27197265625
10,256,-2.0,0.0,0.0,0.0,0.0,0.0,0.0,0.0,0.0,0.0
11,256,-2.0,1.0,0.277099609375,0.16015625,0.347412109375,1.890625,0.06982421875,0.058837890625,0.054229736328125,0.28125
12,256,-2.0,2.0,0.360107421875,0.1796875,0.50341796875,2.828125,0.0732421875,0.06292724609375,0.050689697265625,0.2464599609375
13,256,-2.0,4.0,0.94677734375,0.35546875,1.662109375,14.0625,0.07244873046875,0.0631103515625,0.05145263671875,0.228515625
14,256,-1.0,-4.0,0.77734375,0.265625,1.630859375,16.3125,0.06854248046875,0.056396484375,0.054229736328125,0.321533203125
15,256,-1.0,-2.0,0.2464599609375,0.107421875,0.36474609375,2.546875,0.0755615234375,0.06683349609375,0.05303955078125,0.302734375
16,256,-1.0,-1.0,0.0936279296875,0.04541015625,0.1307373046875,0.73828125,0.0709228515625,0.06365966796875,0.0494384765625,0.275146484375
17,256,-1.0,0.0,0.0,0.0,0.0,0.0,0.0,0.0,0.0,0.0
18,256,-1.0,1.0,0.08563232421875,0.033935546875,0.12322998046875,0.716796875,0.07037353515625,0.061126708984375,0.050750732421875,0.241943359375
19,256,-1.0,2.0,0.2208251953125,0.0771484375,0.36474609375,2.59375,0.06988525390625,0.058319091796875,0.054046630859375,0.241455078125
20,256,-1.0,4.0,0.73193359375,0.28125,1.2275390625,7.96875,0.06903076171875,0.06500244140625,0.048095703125,0.2435302734375
21,256,0.0,-4.0,0.779296875,0.3203125,1.267578125,7.875,0.0738525390625,0.06500244140625,0.052520751953125,0.247314453125
22,256,0.0,-2.0,0.1885986328125,0.0703125,0.361083984375,2.7109375,0.07501220703125,0.061492919921875,0.055511474609375,0.285888671875
23,256,0.0,-1.0,0.0458984375,0.020751953125,0.07208251953125,0.560546875,0.07489013671875,0.07025146484375,0.05047607421875,0.22705078125
24,256,0.0,0.0,0.0,0.0,0.0,0.0,0.0,0.0,0.0,0.0
25,256,0.0,1.0,0.04681396484375,0.018798828125,0.0673828125,0.470703125,0.06915283203125,0.060546875,0.051361083984375,0.269775390625
26,256,0.0,2.0,0.1966552734375,0.07275390625,0.3369140625,2.14453125,0.08233642578125,0.069580078125,0.05914306640625,0.31494140625
27,256,0.0,4.0,0.830078125,0.365234375,1.3583984375,9.1875,0.07830810546875,0.06683349609375,0.061553955078125,0.305419921875
28,256,1.0,-4.0,0.7275390625,0.33984375,1.1201171875,9.3125,0.07257080078125,0.06170654296875,0.054534912109375,0.2705078125
29,256,1.0,-2.0,0.2216796875,0.0751953125,0.38525390625,3.171875,0.07037353515625,0.0614013671875,0.055084228515625,0.302734375
30,256,1.0,-1.0,0.09307861328125,0.0400390625,0.1678466796875,1.6953125,0.0753173828125,0.06512451171875,0.0562744140625,0.268798828125
31,256,1.0,0.0,0.0,0.0,0.0,0.0,0.0,0.0,0.0,0.0
32,256,1.0,1.0,0.116943359375,0.049560546875,0.192138671875,1.203125,0.07177734375,0.0633544921875,0.05377197265625,0.31689453125
33,256,1.0,2.0,0.2247314453125,0.0908203125,0.3701171875,3.515625,0.07208251953125,0.061614990234375,0.052337646484375,0.287841796875
34,256,1.0,4.0,0.8564453125,0.3125,1.3955078125,10.03125,0.0762939453125,0.07000732421875,0.05194091796875,0.258056640625
35,256,2.0,-4.0,0.9287109375,0.32421875,1.705078125,14.0625,0.07342529296875,0.06396484375,0.054107666015625,0.2449951171875
36,256,2.0,-2.0,0.451416015625,0.18359375,0.701171875,5.5625,0.0733642578125,0.060791015625,0.055938720703125,0.2666015625
37,256,2.0,-1.0,0.313720703125,0.193359375,0.34375,1.859375,0.072998046875,0.060211181640625,0.050994873046875,0.280029296875
38,256,2.0,0.0,0.0,0.0,0.0,0.0,0.0,0.0,0.0,0.0
39,256,2.0,1.0,0.304443359375,0.19140625,0.350341796875,1.8125,0.0693359375,0.05938720703125,0.052734375,0.269775390625
40,256,2.0,2.0,0.372314453125,0.15234375,0.60302734375,3.5625,0.0726318359375,0.0631103515625,0.053314208984375,0.280029296875
41,256,2.0,4.0,0.8798828125,0.318359375,1.294921875,6.875,0.0721435546875,0.060028076171875,0.051788330078125,0.2374267578125
42,256,4.0,-4.0,1.462890625,0.6875,2.064453125,13.5,0.0689697265625,0.060546875,0.05035400390625,0.22607421875
43,256,4.0,-2.0,1.201171875,0.8046875,1.2568359375,7.03125,0.076416015625,0.068359375,0.0548095703125,0.281494140625
44,256,4.0,-1.0,1.2822265625,0.921875,1.2568359375,7.09375,0.0745849609375,0.061492919921875,0.057891845703125,0.261962890625
45,256,4.0,0.0,0.0,0.0,0.0,0.0,0.0,0.0,0.0,0.0
46,256,4.0,1.0,1.126953125,0.828125,0.97607421875,4.921875,0.0703125,0.058319091796875,0.049346923828125,0.22021484375
47,256,4.0,2.0,1.2431640625,0.796875,1.341796875,7.625,0.0712890625,0.063720703125,0.048065185546875,0.234375
48,256,4.0,4.0,1.66796875,0.78125,2.18359375,11.875,0.071533203125,0.05950927734375,0.0521240234375,0.296875
49,512,-4.0,-4.0,1.5185546875,0.625,2.427734375,25.875,0.06829833984375,0.062744140625,0.0477294921875,0.25341796875
50,512,-4.0,-2.0,1.201171875,0.75,1.3935546875,11.0,0.0753173828125,0.06634521484375,0.05767822265625,0.279296875
51,512,-4.0,-1.0,1.1328125,0.875,1.0068359375,8.921875,0.07232666015625,0.059722900390625,0.051666259765625,0.287109375
52,512,-4.0,0.0,0.0,0.0,0.0,0.0,0.0,0.0,0.0,0.0
53,512,-4.0,1.0,1.126953125,0.8671875,0.95947265625,5.75,0.07269287109375,0.0628662109375,0.052215576171875,0.28125
54,512,-4.0,2.0,1.216796875,0.734375,1.3837890625,12.15625,0.07354736328125,0.062255859375,0.052947998046875,0.317626953125
55,512,-4.0,4.0,1.515625,0.59375,2.47265625,20.0625,0.071533203125,0.06158447265625,0.05377197265625,0.298095703125
56,512,-2.0,-4.0,0.91015625,0.3359375,1.642578125,20.0,0.07037353515625,0.059478759765625,0.0533447265625,0.264892578125
57,512,-2.0,-2.0,0.39599609375,0.146484375,0.6552734375,5.6875,0.0706787109375,0.061126708984375,0.055938720703125,0.29296875
58,512,-2.0,-1.0,0.291015625,0.19921875,0.3095703125,1.96875,0.07354736328125,0.065673828125,0.0511474609375,0.25341796875
59,512,-2.0,0.0,0.0,0.0,0.0,0.0,0.0,0.0,0.0,0.0
60,512,-2.0,1.0,0.294677734375,0.177734375,0.346923828125,3.34375,0.07342529296875,0.06365966796875,0.052978515625,0.263427734375
61,512,-2.0,2.0,0.415283203125,0.1796875,0.66259765625,7.65625,0.073974609375,0.064453125,0.053741455078125,0.25927734375
62,512,-2.0,4.0,0.9345703125,0.34765625,1.55078125,17.5625,0.07080078125,0.062255859375,0.05389404296875,0.28125
63,512,-1.0,-4.0,0.77783203125,0.33203125,1.1962890625,8.15625,0.073974609375,0.060882568359375,0.0531005859375,0.299560546875
64,512,-1.0,-2.0,0.25,0.11083984375,0.375732421875,2.6875,0.07568359375,0.0665283203125,0.053802490234375,0.280029296875
65,512,-1.0,-1.0,0.0927734375,0.0439453125,0.145263671875,1.71875,0.0709228515625,0.060546875,0.05224609375,0.283935546875
66,512,-1.0,0.0,0.0,0.0,0.0,0.0,0.0,0.0,0.0,0.0
67,512,-1.0,1.0,0.11126708984375,0.052734375,0.1710205078125,1.69921875,0.07257080078125,0.0628662109375,0.055023193359375,0.307373046875
68,512,-1.0,2.0,0.23388671875,0.0888671875,0.394287109375,3.1484375,0.07159423828125,0.061614990234375,0.054443359375,0.2890625
69,512,-1.0,4.0,0.8310546875,0.3515625,1.291015625,13.5,0.07354736328125,0.06396484375,0.05206298828125,0.2685546875
70,512,0.0,-4.0,0.7060546875,0.263671875,1.3310546875,18.625,0.0711669921875,0.0631103515625,0.0562744140625,0.283203125
71,512,0.0,-2.0,0.1695556640625,0.0634765625,0.263671875,1.703125,0.0667724609375,0.05633544921875,0.050750732421875,0.284423828125
72,512,0.0,-1.0,0.04693603515625,0.0185546875,0.083251953125,0.85546875,0.074951171875,0.062255859375,0.05584716796875,0.30810546875
73,512,0.0,0.0,0.0,0.0,0.0,0.0,0.0,0.0,0.0,0.0
74,512,0.0,1.0,0.0504150390625,0.01806640625,0.08367919921875,0.828125,0.07037353515625,0.059326171875,0.05255126953125,0.260986328125
75,512,0.0,2.0,0.167724609375,0.0791015625,0.255615234375,2.0078125,0.07098388671875,0.0587158203125,0.053680419921875,0.31005859375
76,512,0.0,4.0,0.82421875,0.2451171875,1.4130859375,12.0,0.07110595703125,0.060546875,0.05267333984375,0.27099609375
77,512,1.0,-4.0,0.88818359375,0.330078125,1.5048828125,14.5,0.07427978515625,0.063720703125,0.0538330078125,0.300048828125
78,512,1.0,-2.0,0.26171875,0.0947265625,0.465087890625,4.375,0.07574462890625,0.06683349609375,0.054534912109375,0.280029296875
79,512,1.0,-1.0,0.09820556640625,0.044921875,0.159423828125,1.37890625,0.0716552734375,0.062744140625,0.051910400390625,0.26025390625
80,512,1.0,0.0,0.0,0.0,0.0,0.0,0.0,0.0,0.0,0.0
81,512,1.0,1.0,0.09869384765625,0.037353515625,0.14453125,0.828125,0.068115234375,0.057861328125,0.05023193359375,0.28076171875
82,512,1.0,2.0,0.2410888671875,0.09521484375,0.3876953125,4.34375,0.072021484375,0.0631103515625,0.05084228515625,0.285888671875
83,512,1.0,4.0,0.7275390625,0.28125,1.2548828125,14.5,0.07208251953125,0.06048583984375,0.0531005859375,0.281982421875
84,512,2.0,-4.0,0.8427734375,0.38671875,1.11328125,7.6875,0.073974609375,0.059967041015625,0.055023193359375,0.269775390625
85,512,2.0,-2.0,0.399658203125,0.1884765625,0.5537109375,3.21875,0.07305908203125,0.061676025390625,0.054046630859375,0.26025390625
86,512,2.0,-1.0,0.317138671875,0.203125,0.35498046875,2.203125,0.07470703125,0.06396484375,0.0546875,0.303466796875
87,512,2.0,0.0,0.0,0.0,0.0,0.0,0.0,0.0,0.0,0.0
88,512,2.0,1.0,0.28271484375,0.1552734375,0.34375,2.28125,0.0732421875,0.062255859375,0.0576171875,0.295654296875
89,512,2.0,2.0,0.375732421875,0.1640625,0.56005859375,3.875,0.07171630859375,0.059967041015625,0.053375244140625,0.310791015625
90,512,2.0,4.0,0.96826171875,0.3828125,1.5224609375,11.875,0.073974609375,0.065673828125,0.053741455078125,0.3095703125
91,512,4.0,-4.0,1.4970703125,0.5859375,2.359375,18.5,0.0712890625,0.06048583984375,0.055572509765625,0.307373046875
92,512,4.0,-2.0,1.146484375,0.65625,1.3916015625,11.375,0.07305908203125,0.06536865234375,0.054779052734375,0.2890625
93,512,4.0,-1.0,1.111328125,0.8515625,0.9873046875,5.890625,0.0692138671875,0.061126708984375,0.050048828125,0.247314453125
94,512,4.0,0.0,0.0,0.0,0.0,0.0,0.0,0.0,0.0,0.0
95,512,4.0,1.0,1.1171875,0.890625,0.9853515625,8.46875,0.07073974609375,0.061370849609375,0.050750732421875,0.268798828125
96,512,4.0,2.0,1.1611328125,0.6875,1.3291015625,7.96875,0.07476806640625,0.064208984375,0.054412841796875,0.2744140625
97,512,4.0,4.0,1.5732421875,0.78125,2.150390625,18.125,0.0750732421875,0.06512451171875,0.053466796875,0.287109375
98,1024,-4.0,-4.0,1.513671875,0.703125,2.1640625,16.0,0.0718994140625,0.062255859375,0.05450439453125,0.298095703125
99,1024,-4.0,-2.0,1.19140625,0.71875,1.3623046875,8.84375,0.0751953125,0.065673828125,0.0562744140625,0.284423828125
100,1024,-4.0,-1.0,1.2412109375,0.953125,1.076171875,6.78125,0.07476806640625,0.06756591796875,0.053192138671875,0.294921875
101,1024,-4.0,0.0,0.0,0.0,0.0,0.0,0.0,0.0,0.0,0.0
102,1024,-4.0,1.0,1.12890625,0.84375,1.0302734375,6.84375,0.068603515625,0.056732177734375,0.0518798828125,0.2919921875
103,1024,-4.0,2.0,1.2265625,0.75,1.400390625,10.40625,0.0745849609375,0.06536865234375,0.05426025390625,0.318115234375
104,1024,-4.0,4.0,1.505859375,0.63671875,2.296875,26.5625,0.0714111328125,0.0631103515625,0.051666259765625,0.307373046875
105,1024,-2.0,-4.0,0.98095703125,0.390625,1.62109375,16.25,0.073974609375,0.06158447265625,0.05438232421875,0.30224609375
106,1024,-2.0,-2.0,0.387451171875,0.169921875,0.59814453125,6.8125,0.07122802734375,0.059967041015625,0.051788330078125,0.296875
107,1024,-2.0,-1.0,0.302490234375,0.1796875,0.359619140625,3.34375,0.07305908203125,0.062255859375,0.053955078125,0.312744140625
108,1024,-2.0,0.0,0.0,0.0,0.0,0.0,0.0,0.0,0.0,0.0
109,1024,-2.0,1.0,0.2822265625,0.17578125,0.31884765625,2.40625,0.0714111328125,0.0614013671875,0.052490234375,0.312744140625
110,1024,-2.0,2.0,0.398681640625,0.1865234375,0.572265625,4.71875,0.0733642578125,0.060546875,0.054290771484375,0.280029296875
111,1024,-2.0,4.0,0.892578125,0.34375,1.3935546875,14.625,0.070068359375,0.061126708984375,0.052825927734375,0.286376953125
112,1024,-1.0,-4.0,0.77685546875,0.28125,1.2197265625,10.34375,0.072265625,0.06341552734375,0.054229736328125,0.305419921875
113,1024,-1.0,-2.0,0.252197265625,0.10546875,0.389404296875,3.703125,0.073486328125,0.062255859375,0.05517578125,0.29296875
114,1024,-1.0,-1.0,0.094482421875,0.0380859375,0.146240234375,1.75,0.0703125,0.0589599609375,0.052398681640625,0.306884765625
115,1024,-1.0,0.0,0.0,0.0,0.0,0.0,0.0,0.0,0.0,0.0
116,1024,-1.0,1.0,0.10296630859375,0.0439453125,0.1585693359375,1.875,0.07537841796875,0.06292724609375,0.05743408203125,0.307373046875
117,1024,-1.0,2.0,0.229736328125,0.087890625,0.40185546875,3.46875,0.07415771484375,0.06512451171875,0.053436279296875,0.300048828125
118,1024,-1.0,4.0,0.81591796875,0.3203125,1.4794921875,24.3125,0.073974609375,0.062255859375,0.05474853515625,0.303466796875
119,1024,0.0,-4.0,0.73046875,0.25390625,1.21875,12.1875,0.07373046875,0.062255859375,0.054962158203125,0.314208984375
120,1024,0.0,-2.0,0.172607421875,0.0732421875,0.283935546875,2.59375,0.075927734375,0.06500244140625,0.05511474609375,0.282470703125
121,1024,0.0,-1.0,0.050750732421875,0.019775390625,0.08538818359375,0.80859375,0.07470703125,0.06298828125,0.056396484375,0.404296875
122,1024,0.0,0.0,0.0,0.0,0.0,0.0,0.0,0.0,0.0,0.0
123,1024,0.0,1.0,0.045928955078125,0.01708984375,0.07598876953125,0.7890625,0.0731201171875,0.0628662109375,0.0543212890625,0.306884765625
124,1024,0.0,2.0,0.1761474609375,0.06201171875,0.277099609375,1.8203125,0.07293701171875,0.062255859375,0.05548095703125,0.295654296875
125,1024,0.0,4.0,0.71923828125,0.26953125,1.1865234375,9.875,0.071533203125,0.062255859375,0.052978515625,0.297607421875
126,1024,1.0,-4.0,0.794921875,0.283203125,1.4736328125,17.125,0.0733642578125,0.06341552734375,0.05426025390625,0.293701171875
127,1024,1.0,-2.0,0.22216796875,0.083740234375,0.377197265625,4.25,0.07061767578125,0.062255859375,0.0516357421875,0.2890625
128,1024,1.0,-1.0,0.092529296875,0.038818359375,0.1435546875,1.734375,0.071533203125,0.060028076171875,0.053924560546875,0.287109375
129,1024,1.0,0.0,0.0,0.0,0.0,0.0,0.0,0.0,0.0,0.0
130,1024,1.0,1.0,0.0986328125,0.03955078125,0.1495361328125,1.4921875,0.07061767578125,0.060546875,0.0528564453125,0.265869140625
131,1024,1.0,2.0,0.220458984375,0.08984375,0.35693359375,3.5625,0.07000732421875,0.05767822265625,0.05279541015625,0.30078125
132,1024,1.0,4.0,0.78564453125,0.30859375,1.3173828125,12.6875,0.074951171875,0.064453125,0.05389404296875,0.3046875
133,1024,2.0,-4.0,0.95166015625,0.3671875,1.7919921875,27.4375,0.0738525390625,0.0645751953125,0.05377197265625,0.318115234375
134,1024,2.0,-2.0,0.393310546875,0.16796875,0.57275390625,4.859375,0.07354736328125,0.066650390625,0.0516357421875,0.275146484375
135,1024,2.0,-1.0,0.329345703125,0.18359375,0.37890625,2.5546875,0.0775146484375,0.066650390625,0.057403564453125,0.298828125
136,1024,2.0,0.0,0.0,0.0,0.0,0.0,0.0,0.0,0.0,0.0
137,1024,2.0,1.0,0.29248046875,0.177734375,0.336181640625,2.04296875,0.0716552734375,0.06170654296875,0.052734375,0.280029296875
138,1024,2.0,2.0,0.39208984375,0.171875,0.60205078125,6.34375,0.07403564453125,0.06500244140625,0.053741455078125,0.322265625
139,1024,2.0,4.0,0.962890625,0.34375,1.509765625,11.5,0.0736083984375,0.06488037109375,0.05419921875,0.303466796875
140,1024,4.0,-4.0,1.515625,0.625,2.26953125,19.125,0.070068359375,0.059814453125,0.05389404296875,0.283935546875
141,1024,4.0,-2.0,1.1767578125,0.70703125,1.3857421875,14.3125,0.07373046875,0.06396484375,0.05218505859375,0.3046875
142,1024,4.0,-1.0,1.142578125,0.8984375,1.005859375,7.25,0.0703125,0.062255859375,0.050262451171875,0.279296875
143,1024,4.0,0.0,0.0,0.0,0.0,0.0,0.0,0.0,0.0,0.0
144,1024,4.0,1.0,1.083984375,0.8203125,0.98388671875,8.25,0.06817626953125,0.05859375,0.05096435546875,0.276123046875
145,1024,4.0,2.0,1.193359375,0.6328125,1.43359375,11.0,0.07379150390625,0.06292724609375,0.055938720703125,0.300048828125
146,1024,4.0,4.0,1.712890625,0.75390625,2.7109375,39.5,0.0760498046875,0.067138671875,0.053680419921875,0.26611328125
147,4096,-4.0,-4.0,1.6484375,0.703125,2.58203125,27.25,0.072509765625,0.06298828125,0.053131103515625,0.298828125
148,4096,-4.0,-2.0,1.1376953125,0.6875,1.3017578125,12.625,0.0723876953125,0.0614013671875,0.05419921875,0.312744140625
149,4096,-4.0,-1.0,1.177734375,0.890625,1.0556640625,9.6875,0.07183837890625,0.06280517578125,0.05206298828125,0.319580078125
150,4096,-4.0,0.0,0.0,0.0,0.0,0.0,0.0,0.0,0.0,0.0
151,4096,-4.0,1.0,1.142578125,0.8828125,1.0107421875,7.46875,0.07159423828125,0.061279296875,0.052581787109375,0.296142578125
152,4096,-4.0,2.0,1.193359375,0.734375,1.380859375,12.4375,0.0728759765625,0.062255859375,0.054351806640625,0.294921875
153,4096,-4.0,4.0,1.6103515625,0.6796875,2.470703125,34.125,0.07281494140625,0.0628662109375,0.053955078125,0.307373046875
154,4096,-2.0,-4.0,0.9365234375,0.3828125,1.537109375,24.5,0.074951171875,0.0645751953125,0.0543212890625,0.283935546875
155,4096,-2.0,-2.0,0.40185546875,0.16796875,0.64794921875,9.09375,0.0718994140625,0.06170654296875,0.053131103515625,0.31494140625
156,4096,-2.0,-1.0,0.2978515625,0.1796875,0.33984375,2.859375,0.0726318359375,0.063232421875,0.0533447265625,0.310791015625
157,4096,-2.0,0.0,0.0,0.0,0.0,0.0,0.0,0.0,0.0,0.0
158,4096,-2.0,1.0,0.296875,0.1796875,0.33447265625,3.828125,0.0738525390625,0.0631103515625,0.0546875,0.307373046875
159,4096,-2.0,2.0,0.391357421875,0.1640625,0.60888671875,6.4375,0.07305908203125,0.0628662109375,0.054595947265625,0.314208984375
160,4096,-2.0,4.0,0.94140625,0.359375,1.515625,16.6875,0.0732421875,0.06341552734375,0.05413818359375,0.30078125
161,4096,-1.0,-4.0,0.80517578125,0.328125,1.32421875,17.125,0.07177734375,0.062255859375,0.052215576171875,0.30078125
162,4096,-1.0,-2.0,0.228759765625,0.0888671875,0.408203125,7.9375,0.07159423828125,0.060577392578125,0.053741455078125,0.286376953125
163,4096,-1.0,-1.0,0.09625244140625,0.041015625,0.1514892578125,1.90625,0.07232666015625,0.061370849609375,0.05352783203125,0.293701171875
164,4096,-1.0,0.0,0.0,0.0,0.0,0.0,0.0,0.0,0.0,0.0
165,4096,-1.0,1.0,0.1011962890625,0.04345703125,0.1568603515625,2.15625,0.07244873046875,0.06292724609375,0.053680419921875,0.303466796875
166,4096,-1.0,2.0,0.2322998046875,0.0908203125,0.380126953125,6.21875,0.07281494140625,0.062255859375,0.05401611328125,0.318115234375
167,4096,-1.0,4.0,0.814453125,0.32421875,1.318359375,19.6875,0.07379150390625,0.06396484375,0.053375244140625,0.31689453125
168,4096,0.0,-4.0,0.71142578125,0.27734375,1.158203125,12.1875,0.071044921875,0.060882568359375,0.051788330078125,0.310791015625
169,4096,0.0,-2.0,0.1798095703125,0.070556640625,0.28369140625,3.515625,0.0726318359375,0.06170654296875,0.0533447265625,0.31689453125
170,4096,0.0,-1.0,0.04779052734375,0.01806640625,0.08245849609375,1.3359375,0.0723876953125,0.062255859375,0.0526123046875,0.282470703125
171,4096,0.0,0.0,0.0,0.0,0.0,0.0,0.0,0.0,0.0,0.0
172,4096,0.0,1.0,0.046661376953125,0.0189208984375,0.084716796875,2.01171875,0.07366943359375,0.06365966796875,0.0576171875,0.9765625
173,4096,0.0,2.0,0.185546875,0.07421875,0.302734375,3.703125,0.0728759765625,0.0633544921875,0.0531005859375,0.31689453125
174,4096,0.0,4.0,0.740234375,0.296875,1.2197265625,17.78125,0.0732421875,0.0643310546875,0.05291748046875,0.29150390625
175,4096,1.0,-4.0,0.78955078125,0.298828125,1.4013671875,26.25,0.07220458984375,0.0614013671875,0.05364990234375,0.314208984375
176,4096,1.0,-2.0,0.2347412109375,0.0830078125,0.406982421875,6.8125,0.07281494140625,0.062255859375,0.05426025390625,0.312744140625
177,4096,1.0,-1.0,0.10211181640625,0.0439453125,0.1539306640625,1.65625,0.07452392578125,0.065673828125,0.054046630859375,0.31494140625
178,4096,1.0,0.0,0.0,0.0,0.0,0.0,0.0,0.0,0.0,0.0
179,4096,1.0,1.0,0.1009521484375,0.04541015625,0.1549072265625,1.9140625,0.07354736328125,0.063232421875,0.0535888671875,0.3095703125
180,4096,1.0,2.0,0.2276611328125,0.0908203125,0.371337890625,4.375,0.0714111328125,0.061614990234375,0.053253173828125,0.31005859375
181,4096,1.0,4.0,0.78759765625,0.296875,1.3447265625,16.5625,0.07232666015625,0.062255859375,0.053497314453125,0.318115234375
182,4096,2.0,-4.0,0.92578125,0.359375,1.509765625,18.9375,0.0721435546875,0.063232421875,0.053070068359375,0.305419921875
183,4096,2.0,-2.0,0.404541015625,0.16796875,0.63671875,8.625,0.0726318359375,0.062255859375,0.054290771484375,0.3095703125
184,4096,2.0,-1.0,0.30126953125,0.1875,0.337158203125,2.71875,0.07366943359375,0.06298828125,0.054229736328125,0.31689453125
185,4096,2.0,0.0,0.0,0.0,0.0,0.0,0.0,0.0,0.0,0.0
186,4096,2.0,1.0,0.303466796875,0.1953125,0.34033203125,2.9375,0.07421875,0.06298828125,0.054473876953125,0.318115234375
187,4096,2.0,2.0,0.4091796875,0.166015625,0.65087890625,7.40625,0.0728759765625,0.061676025390625,0.054168701171875,0.318115234375
188,4096,2.0,4.0,0.9453125,0.37890625,1.5517578125,17.5,0.07196044921875,0.061370849609375,0.05328369140625,0.3095703125
189,4096,4.0,-4.0,1.5654296875,0.671875,2.36328125,28.875,0.072998046875,0.0631103515625,0.053009033203125,0.288330078125
190,4096,4.0,-2.0,1.1904296875,0.734375,1.3251953125,10.625,0.073974609375,0.06365966796875,0.05419921875,0.307373046875
191,4096,4.0,-1.0,1.1552734375,0.9140625,1.0048828125,8.03125,0.0718994140625,0.06396484375,0.0516357421875,0.29296875
192,4096,4.0,0.0,0.0,0.0,0.0,0.0,0.0,0.0,0.0,0.0
193,4096,4.0,1.0,1.154296875,0.875,1.037109375,9.0,0.0712890625,0.061279296875,0.051727294921875,0.290283203125
194,4096,4.0,2.0,1.2001953125,0.7421875,1.3916015625,17.34375,0.0733642578125,0.062255859375,0.05523681640625,0.317626953125
195,4096,4.0,4.0,1.6201171875,0.71875,2.4765625,28.625,0.0721435546875,0.06158447265625,0.053131103515625,0.307373046875
196,8192,-4.0,-4.0,1.611328125,0.6875,2.4296875,33.375,0.07281494140625,0.06292724609375,0.053741455078125,0.322265625
197,8192,-4.0,-2.0,1.1845703125,0.71875,1.359375,14.0625,0.072998046875,0.062255859375,0.054168701171875,0.3154296875
198,8192,-4.0,-1.0,1.16015625,0.890625,1.044921875,9.0,0.07110595703125,0.061370849609375,0.051605224609375,0.30078125
199,8192,-4.0,0.0,0.0,0.0,0.0,0.0,0.0,0.0,0.0,0.0
200,8192,-4.0,1.0,1.169921875,0.8984375,1.0615234375,9.515625,0.07177734375,0.06158447265625,0.053253173828125,0.312255859375
201,8192,-4.0,2.0,1.17578125,0.70703125,1.35546875,16.59375,0.0718994140625,0.061370849609375,0.0538330078125,0.3046875
202,8192,-4.0,4.0,1.5625,0.67578125,2.349609375,31.0,0.07244873046875,0.062255859375,0.053558349609375,0.3154296875
203,8192,-2.0,-4.0,0.939453125,0.3671875,1.6240234375,36.0625,0.0726318359375,0.0631103515625,0.053466796875,0.318115234375
204,8192,-2.0,-2.0,0.3857421875,0.1640625,0.59375,8.3125,0.07159423828125,0.060546875,0.05328369140625,0.299560546875
205,8192,-2.0,-1.0,0.299560546875,0.1796875,0.336669921875,3.375,0.07293701171875,0.06292724609375,0.05377197265625,0.322265625
206,8192,-2.0,0.0,0.0,0.0,0.0,0.0,0.0,0.0,0.0,0.0
207,8192,-2.0,1.0,0.296142578125,0.1796875,0.33740234375,3.484375,0.07257080078125,0.06170654296875,0.053802490234375,0.312744140625
208,8192,-2.0,2.0,0.40576171875,0.173828125,0.62158203125,8.25,0.072998046875,0.06292724609375,0.053680419921875,0.3203125
209,8192,-2.0,4.0,0.9248046875,0.375,1.5146484375,19.375,0.07275390625,0.0628662109375,0.053741455078125,0.312744140625
210,8192,-1.0,-4.0,0.7705078125,0.30859375,1.2705078125,16.90625,0.0736083984375,0.062255859375,0.054473876953125,0.306884765625
211,8192,-1.0,-2.0,0.226806640625,0.08984375,0.37646484375,6.0625,0.0726318359375,0.061614990234375,0.054168701171875,0.318115234375
212,8192,-1.0,-1.0,0.10302734375,0.0439453125,0.159423828125,2.07421875,0.07366943359375,0.06365966796875,0.053985595703125,0.305419921875
213,8192,-1.0,0.0,0.0,0.0,0.0,0.0,0.0,0.0,0.0,0.0
214,8192,-1.0,1.0,0.09765625,0.04296875,0.1483154296875,1.5703125,0.071533203125,0.0614013671875,0.0535888671875,0.31494140625
215,8192,-1.0,2.0,0.2354736328125,0.0966796875,0.39013671875,6.625,0.07318115234375,0.0628662109375,0.0535888671875,0.318115234375
216,8192,-1.0,4.0,0.75732421875,0.3046875,1.26953125,16.1875,0.0712890625,0.062255859375,0.052490234375,0.310791015625
217,8192,0.0,-4.0,0.73876953125,0.2890625,1.2265625,17.8125,0.07232666015625,0.06158447265625,0.0535888671875,0.60009765625
218,8192,0.0,-2.0,0.184814453125,0.0712890625,0.317138671875,6.109375,0.07269287109375,0.062255859375,0.054107666015625,0.317626953125
219,8192,0.0,-1.0,0.0447998046875,0.017578125,0.07611083984375,1.265625,0.07171630859375,0.061614990234375,0.05401611328125,1.115234375
220,8192,0.0,0.0,0.0,0.0,0.0,0.0,0.0,0.0,0.0,0.0
221,8192,0.0,1.0,0.0450439453125,0.0177001953125,0.076416015625,1.5,0.072265625,0.062255859375,0.054107666015625,0.9833984375
222,8192,0.0,2.0,0.188232421875,0.07470703125,0.30810546875,4.25,0.07342529296875,0.06390380859375,0.053680419921875,0.356689453125
223,8192,0.0,4.0,0.75927734375,0.296875,1.2998046875,24.375,0.0723876953125,0.06292724609375,0.052886962890625,0.312255859375
224,8192,1.0,-4.0,0.78466796875,0.3125,1.2763671875,17.0625,0.072998046875,0.062744140625,0.053436279296875,0.3046875
225,8192,1.0,-2.0,0.2379150390625,0.09375,0.3916015625,6.375,0.07281494140625,0.062744140625,0.05377197265625,0.3154296875
226,8192,1.0,-1.0,0.0968017578125,0.0419921875,0.1497802734375,2.0078125,0.0732421875,0.06298828125,0.0540771484375,0.312255859375
227,8192,1.0,0.0,0.0,0.0,0.0,0.0,0.0,0.0,0.0,0.0
228,8192,1.0,1.0,0.0986328125,0.0419921875,0.1524658203125,2.35546875,0.0726318359375,0.061614990234375,0.05413818359375,0.3115234375
229,8192,1.0,2.0,0.2254638671875,0.087890625,0.365966796875,4.328125,0.0712890625,0.0614013671875,0.052947998046875,0.318115234375
230,8192,1.0,4.0,0.79052734375,0.3125,1.29296875,22.3125,0.0716552734375,0.06097412109375,0.052825927734375,0.310791015625
231,8192,2.0,-4.0,0.9677734375,0.37890625,1.5986328125,22.625,0.07305908203125,0.0628662109375,0.053558349609375,0.318115234375
232,8192,2.0,-2.0,0.392333984375,0.166015625,0.59716796875,6.71875,0.07171630859375,0.060546875,0.053375244140625,0.312255859375
233,8192,2.0,-1.0,0.298828125,0.1875,0.335205078125,3.140625,0.07269287109375,0.06292724609375,0.05413818359375,0.31005859375
234,8192,2.0,0.0,0.0,0.0,0.0,0.0,0.0,0.0,0.0,0.0
235,8192,2.0,1.0,0.296630859375,0.177734375,0.34423828125,3.375,0.07354736328125,0.0628662109375,0.05511474609375,0.3095703125
236,8192,2.0,2.0,0.403076171875,0.17578125,0.640625,14.4375,0.0738525390625,0.0631103515625,0.0546875,0.3095703125
237,8192,2.0,4.0,0.94580078125,0.365234375,1.55078125,20.9375,0.07293701171875,0.062255859375,0.0538330078125,0.31494140625
238,8192,4.0,-4.0,1.583984375,0.6875,2.513671875,36.75,0.07135009765625,0.061492919921875,0.052642822265625,0.31494140625
239,8192,4.0,-2.0,1.20703125,0.75,1.3642578125,18.5,0.07342529296875,0.06365966796875,0.053985595703125,0.3203125
240,8192,4.0,-1.0,1.1865234375,0.9140625,1.068359375,9.1875,0.0723876953125,0.0631103515625,0.05206298828125,0.31494140625
241,8192,4.0,0.0,0.0,0.0,0.0,0.0,0.0,0.0,0.0,0.0
242,8192,4.0,1.0,1.1611328125,0.890625,1.05859375,9.625,0.0712890625,0.060882568359375,0.05242919921875,0.31689453125
243,8192,4.0,2.0,1.208984375,0.75,1.3740234375,15.5625,0.07421875,0.06365966796875,0.0545654296875,0.31689453125
244,8192,4.0,4.0,1.576171875,0.6953125,2.44921875,35.6875,0.07196044921875,0.061614990234375,0.0533447265625,0.312744140625
245,16384,-4.0,-4.0,1.5673828125,0.6640625,2.4140625,29.625,0.07269287109375,0.062255859375,0.053863525390625,0.3203125
246,16384,-4.0,-2.0,1.1845703125,0.734375,1.3447265625,16.25,0.07354736328125,0.06292724609375,0.054473876953125,0.322265625
247,16384,-4.0,-1.0,1.1669921875,0.890625,1.0537109375,9.234375,0.07159423828125,0.061279296875,0.052734375,0.30224609375
248,16384,-4.0,0.0,0.0,0.0,0.0,0.0,0.0,0.0,0.0,0.0
249,16384,-4.0,1.0,1.1552734375,0.8828125,1.0498046875,9.46875,0.07135009765625,0.061126708984375,0.052490234375,0.31005859375
250,16384,-4.0,2.0,1.1904296875,0.734375,1.36328125,13.625,0.07257080078125,0.062255859375,0.053955078125,0.314208984375
251,16384,-4.0,4.0,1.5791015625,0.681640625,2.451171875,34.75,0.07257080078125,0.062255859375,0.0538330078125,0.322265625
252,16384,-2.0,-4.0,0.9404296875,0.3671875,1.552734375,25.75,0.07318115234375,0.06341552734375,0.053863525390625,0.3154296875
253,16384,-2.0,-2.0,0.396484375,0.16796875,0.61181640625,9.109375,0.07293701171875,0.06298828125,0.053863525390625,0.3203125
254,16384,-2.0,-1.0,0.29541015625,0.181640625,0.335205078125,3.9375,0.07330322265625,0.0631103515625,0.0543212890625,0.31689453125
255,16384,-2.0,0.0,0.0,0.0,0.0,0.0,0.0,0.0,0.0,0.0
256,16384,-2.0,1.0,0.2958984375,0.1796875,0.33740234375,4.34375,0.07275390625,0.062255859375,0.054290771484375,0.318115234375
257,16384,-2.0,2.0,0.39599609375,0.169921875,0.61669921875,9.53125,0.07305908203125,0.062255859375,0.05426025390625,0.31494140625
258,16384,-2.0,4.0,0.927734375,0.359375,1.53125,27.625,0.07183837890625,0.061279296875,0.052978515625,0.317626953125
259,16384,-1.0,-4.0,0.77734375,0.30859375,1.306640625,23.625,0.07269287109375,0.06298828125,0.05322265625,0.318115234375
260,16384,-1.0,-2.0,0.2298583984375,0.09033203125,0.379150390625,5.6875,0.072998046875,0.0631103515625,0.053955078125,0.312744140625
261,16384,-1.0,-1.0,0.0985107421875,0.043701171875,0.150634765625,2.1015625,0.072509765625,0.06292724609375,0.05340576171875,0.318115234375
262,16384,-1.0,0.0,0.0,0.0,0.0,0.0,0.0,0.0,0.0,0.0
263,16384,-1.0,1.0,0.0999755859375,0.0419921875,0.1544189453125,2.01171875,0.07281494140625,0.062255859375,0.0540771484375,0.85693359375
264,16384,-1.0,2.0,0.23046875,0.091796875,0.379638671875,6.0625,0.07244873046875,0.061767578125,0.053619384765625,0.31494140625
265,16384,-1.0,4.0,0.79150390625,0.3046875,1.349609375,28.25,0.0732421875,0.0634765625,0.053955078125,0.312255859375
266,16384,0.0,-4.0,0.73193359375,0.2890625,1.20703125,17.625,0.0726318359375,0.062255859375,0.0535888671875,0.958984375
267,16384,0.0,-2.0,0.187744140625,0.072265625,0.322021484375,6.625,0.0723876953125,0.062255859375,0.0531005859375,0.318115234375
268,16384,0.0,-1.0,0.046051025390625,0.017333984375,0.07757568359375,1.19140625,0.07196044921875,0.061676025390625,0.054351806640625,0.9775390625
269,16384,0.0,0.0,0.0,0.0,0.0,0.0,0.0,0.0,0.0,0.0
270,16384,0.0,1.0,0.04595947265625,0.017578125,0.0765380859375,1.140625,0.072265625,0.061370849609375,0.05474853515625,0.98388671875
271,16384,0.0,2.0,0.1829833984375,0.07373046875,0.297119140625,4.46875,0.0726318359375,0.062255859375,0.053619384765625,0.97509765625
272,16384,0.0,4.0,0.7314453125,0.2861328125,1.2392578125,17.0625,0.072998046875,0.06292724609375,0.0537109375,0.3154296875
273,16384,1.0,-4.0,0.80712890625,0.3125,1.3740234375,29.5,0.073486328125,0.0634765625,0.053985595703125,0.314208984375
274,16384,1.0,-2.0,0.23291015625,0.09375,0.37939453125,7.78125,0.072509765625,0.062255859375,0.0537109375,0.318115234375
275,16384,1.0,-1.0,0.0980224609375,0.0419921875,0.15234375,2.28515625,0.0716552734375,0.0614013671875,0.053131103515625,0.31689453125
276,16384,1.0,0.0,0.0,0.0,0.0,0.0,0.0,0.0,0.0,0.0
277,16384,1.0,1.0,0.0992431640625,0.04248046875,0.1539306640625,2.328125,0.072998046875,0.06292724609375,0.053497314453125,0.3203125
278,16384,1.0,2.0,0.23046875,0.09375,0.377197265625,6.65625,0.0726318359375,0.062255859375,0.053741455078125,0.31494140625
279,16384,1.0,4.0,0.77392578125,0.298828125,1.306640625,31.5,0.07244873046875,0.062255859375,0.053436279296875,0.314208984375
280,16384,2.0,-4.0,0.92822265625,0.359375,1.552734375,30.625,0.07232666015625,0.062255859375,0.053466796875,0.31689453125
281,16384,2.0,-2.0,0.405517578125,0.171875,0.63525390625,8.53125,0.07244873046875,0.062255859375,0.053924560546875,0.319580078125
282,16384,2.0,-1.0,0.301025390625,0.181640625,0.345458984375,4.1328125,0.072998046875,0.06280517578125,0.054168701171875,0.3203125
283,16384,2.0,0.0,0.0,0.0,0.0,0.0,0.0,0.0,0.0,0.0
284,16384,2.0,1.0,0.29248046875,0.1796875,0.3359375,3.625,0.07183837890625,0.06170654296875,0.052947998046875,0.30224609375
285,16384,2.0,2.0,0.39794921875,0.16796875,0.6220703125,8.59375,0.07257080078125,0.062255859375,0.053680419921875,0.322265625
286,16384,2.0,4.0,0.9287109375,0.359375,1.537109375,29.5,0.07269287109375,0.0633544921875,0.053466796875,0.312744140625
287,16384,4.0,-4.0,1.6083984375,0.703125,2.44921875,34.0625,0.07342529296875,0.0631103515625,0.05389404296875,0.31689453125
288,16384,4.0,-2.0,1.1943359375,0.734375,1.369140625,17.0,0.0728759765625,0.062255859375,0.054107666015625,0.3203125
289,16384,4.0,-1.0,1.16796875,0.90625,1.0478515625,9.53125,0.07183837890625,0.062255859375,0.05206298828125,0.314208984375
290,16384,4.0,0.0,0.0,0.0,0.0,0.0,0.0,0.0,0.0,0.0
291,16384,4.0,1.0,1.158203125,0.890625,1.0390625,9.515625,0.0712890625,0.06158447265625,0.0518798828125,0.312255859375
292,16384,4.0,2.0,1.189453125,0.71875,1.35546875,13.5625,0.0728759765625,0.062255859375,0.053924560546875,0.31005859375
293,16384,4.0,4.0,1.6181640625,0.7109375,2.525390625,36.1875,0.07281494140625,0.062255859375,0.0540771484375,0.322265625
